CO2 per capita,1997,1998,1999,2000,2001,2002,2003,2004,2005,2006,2007,2008,2009,2010
Afghanistan,0.052333365,0.048546686,0.037446034,0.034170007,0.027255262,0.014583427,0.022703695,0.02747237,0.036779904,0.047089636,0.068311633,0.131601903,0.213325007,0.262173714
Albania,0.499261188,0.569225594,0.971341941,0.983553048,1.047320154,1.214003077,1.382066271,1.332965957,1.353788699,1.224310364,1.27942017,1.297752738,1.215054777,1.336544035
Algeria,3.015670427,3.608257648,3.060244617,2.879527679,2.720453311,2.889312783,2.899236274,2.762219639,3.257009779,3.113135178,3.312874684,3.328944661,3.564360549,3.480976541
Andorra,7.061602855,7.533542944,8.022713657,8.112345412,7.897775769,7.700515138,7.414281032,7.499690095,7.390954533,6.839939571,6.622435189,6.527241242,6.178519784,6.092100302
Angola,0.576990561,0.556212458,0.677616537,0.68507907,0.676339193,0.850521392,0.587810214,1.177610138,1.161661852,1.308848969,1.435043652,1.474353388,1.500053579,1.593917842
Antigua and Barbuda,4.664325286,4.497461473,4.584238117,4.438377803,4.353775869,4.50892469,4.756310474,4.913204085,4.893782672,5.006748909,5.162816858,5.275415031,5.679445419,5.786645624
Argentina,3.770570751,3.80967752,3.981141308,3.819693795,3.555285353,3.273067083,3.502902225,4.072843801,4.160611395,4.464492014,4.582394268,4.785169983,4.48356446,4.466338068
Armenia,1.045668737,1.095600733,0.989444203,1.126427051,1.155322737,0.994206704,1.120167569,1.190051716,1.421960886,1.427325514,1.648352304,1.804106217,1.410814574,1.364888442
Aruba,21.74312968,19.21445326,19.02942041,24.73662638,24.21604611,23.83821726,23.27741935,22.80421892,22.50914228,22.13329958,22.62093228,21.68186039,21.52978401,21.59310807
Australia,18.00758857,18.51527047,17.1783559,17.19727773,16.7592018,17.39286776,17.46183995,17.34623728,17.7739756,17.89312837,17.85990598,18.01631327,18.03726854,16.75230078
Austria,8.015418493,8.219538404,7.989368994,7.956563584,8.174472454,8.310385132,8.889629244,8.77880008,9.017237523,8.6494461,8.319711838,8.183160018,7.438353474,7.969244347
Azerbaijan,3.766425751,3.97117158,3.55432571,3.637859001,3.512029921,3.576219661,3.654527368,3.783992486,3.998027302,4.500681609,4.695870874,5.109538292,4.701319259,4.976935132
Bahamas,4.749022516,5.779425109,5.699779129,5.604998247,5.203256345,5.15585844,4.893601246,5.475436261,5.005876373,4.695545558,4.705128712,3.131921321,4.854818466,7.186250463
Bahrain,29.20417458,30.10779779,28.74761673,29.20955469,21.67437083,24.44749015,25.44486405,26.06337581,26.49808846,24.02689968,24.1927208,23.09002916,20.66300837,19.17841873
Bangladesh,0.204801701,0.19267111,0.19835736,0.215033394,0.245964373,0.251023286,0.248178278,0.286703397,0.267095016,0.338118365,0.336644963,0.319161002,0.355868066,0.377610209
Barbados,3.40264365,4.287918498,4.535946438,4.440938877,4.552708507,4.569471467,4.709422681,4.794768356,5.001792956,5.059113167,5.251247463,6.008278835,5.955392606,5.500046952
Belarus,5.832167658,5.669982703,5.522028257,5.315636969,5.253945879,5.257819223,5.416118375,5.878412349,6.011031743,6.323492475,6.196023914,6.48817388,6.256458409,6.483926031
Belgium,11.49808755,11.76602654,11.41401577,11.37004648,11.23814512,10.4857686,11.14472772,10.74369108,10.41989843,10.19806569,9.792962953,9.797336714,9.772560976,10.16952908
Belize,1.67207294,1.553040311,2.459732784,2.751697856,2.772343085,1.368018569,1.391576127,1.387398204,1.409518521,1.417945547,1.451035512,1.36012592,1.356699564,1.353113391
Benin,0.203292323,0.197193216,0.246781882,0.248089466,0.258579506,0.295955286,0.323936884,0.339506861,0.314131037,0.49235403,0.554571281,0.537539184,0.552870643,0.586259508
Bermuda,7.689412271,7.418707346,7.913036528,7.8779005,7.843199392,8.271807492,8.006702799,10.49996088,6.918238994,8.093935249,8.015255341,6.011207861,7.185992202,7.339995791
Bhutan,0.749684792,0.712294198,0.693222802,0.699620606,0.66094153,0.68974166,0.604817292,0.479452055,0.600643417,0.581509385,0.56977078,0.60121031,0.544606596,0.656619923
Bolivia,1.261008895,1.295323842,1.266853115,1.230571986,1.158822368,1.106361814,1.602519203,1.456394027,1.347341369,1.601935245,1.347951326,1.43182915,1.474028782,1.556418431
Bosnia and Herzegovina,4.33927499,5.404729785,5.022345704,6.286653646,5.521955766,6.069220542,6.142586576,6.509389836,6.774749156,7.183842696,7.377899573,8.212238083,8.118340458,8.276976967
Botswana,1.934312855,2.259787712,2.051677903,2.432033979,2.428760923,2.480131571,2.33007509,2.363620756,2.459206198,2.44392364,2.438686962,2.547205492,2.218604451,2.607113465
Brazil,1.800931853,1.843227636,1.861992226,1.880196477,1.907555762,1.853076585,1.770560438,1.837108443,1.867213313,1.849542335,1.913505573,2.023772836,1.899717681,2.152980753
British Virgin Islands,3.044455976,2.977701079,2.916273135,2.861928224,2.814558946,3.11968236,3.590413131,3.882571398,4.001819009,4.448838359,4.560733271,4.671528571,4.781153562,5.047680505
Brunei,19.07177814,19.16621826,14.38430303,19.95702818,18.53358377,15.57543022,15.35964859,15.0604638,14.11642887,13.02037624,26.95271421,27.50750595,23.20692873,22.96032621
Bulgaria,6.29567573,6.026111757,5.451565202,5.436690108,5.844329407,5.654701044,6.033540911,6.006152124,6.189984255,6.36437645,6.911698602,6.690139082,5.674512779,5.961127245
Burkina Faso,0.071376274,0.074146362,0.077924752,0.084702482,0.078850092,0.077190403,0.080474192,0.080035373,0.079280882,0.093032044,0.109310102,0.109419171,0.104142692,0.102193772
Burundi,0.051012487,0.048311391,0.046681908,0.04716823,0.033283828,0.033052532,0.024127167,0.028126862,0.021237208,0.025018854,0.024736908,0.031388801,0.021988728,0.036741685
Cambodia,0.131274013,0.162743687,0.155072191,0.158780544,0.1779192,0.171840808,0.182711565,0.185362581,0.207797214,0.22191174,0.254818564,0.287547496,0.289862268,0.295651762
Cameroon,0.219770837,0.214228799,0.200991239,0.218901717,0.213282799,0.208271309,0.22611674,0.230484812,0.210555232,0.213278123,0.317910609,0.295541639,0.348022091,0.369119563
Canada,16.18712728,17.17383324,16.96193179,17.42683142,16.97414433,16.59485318,17.49953067,17.28981435,17.43992599,16.86231777,17.0041237,16.35039863,15.26009889,14.6720161
Cape Verde,0.346336702,0.365619428,0.401449255,0.427684693,0.469561623,0.542621961,0.549962937,0.565572085,0.620308477,0.643991745,0.645241876,0.631962099,0.633957188,0.717071338
Cayman Islands,11.50985549,11.5882011,11.01417476,11.31152299,10.6977875,10.40258291,10.0456621,9.91917464,9.821178031,9.625409592,11.19869298,11.40549176,10.52071565,10.49854763
Chad,0.015260169,0.014781416,0.015225906,0.021405133,0.020231799,0.019098954,0.04165805,0.039860154,0.040841066,0.04036062,0.044543692,0.047839126,0.040565334,0.04180321
Chile,3.784761198,3.837292707,3.996811795,3.80605394,3.380649654,3.507076675,3.450754865,3.721850285,3.786388427,3.909644149,4.277455271,4.240259136,3.966877602,4.221864198
China,2.802597286,2.661320024,2.634231569,2.682866158,2.728882885,2.872547831,3.498358878,4.065723469,4.427592166,4.879028386,5.139069376,5.296193599,5.761825473,6.177530373
Colombia,1.718162115,1.716238632,1.445093764,1.456554292,1.392010183,1.354889456,1.375837526,1.299164209,1.415873837,1.44026659,1.430214323,1.47609182,1.551750085,1.634580982
Comoros,0.126886231,0.137391632,0.147238487,0.149934189,0.152362748,0.154536923,0.16248927,0.164036753,0.171080013,0.183178187,0.178307756,0.178853064,0.174170432,0.189633662
Congo,0.810490788,0.261435359,0.26881043,0.334420466,0.268153805,0.215166687,0.322519519,0.342642829,0.411999361,0.368833081,0.385280842,0.384220477,0.478165334,0.501537799
Costa Rica,1.366860521,1.421348964,1.441209509,1.396805794,1.439023493,1.549031311,1.592540657,1.636129904,1.644694223,1.697011744,1.925313584,1.911933419,1.702829651,1.667708761
Cote d'Ivoire,0.527558288,0.435283101,0.385789334,0.409528933,0.457333148,0.424062366,0.31277628,0.432179251,0.434198441,0.381753139,0.369090155,0.361896603,0.302618026,0.29407195
Croatia,4.171323932,4.454974773,4.513027266,4.359602589,4.621766236,4.898179502,5.282068991,5.179208014,5.201202045,5.226528119,5.509947481,5.287902576,4.886268692,4.742244317
Cuba,2.238235466,2.21566943,2.283471363,2.344764597,2.284555613,2.334435811,2.273667684,2.225462106,2.310595418,2.432699957,2.372385236,2.701777167,2.654620218,3.407420343
Cyprus,6.606732693,7.038088935,6.996548187,7.261080144,7.119911415,7.165887315,7.76215084,7.219226243,7.265423287,7.429369477,7.709117454,7.94273481,7.464650661,6.983513146
Denmark,10.809832,10.57868801,9.571741038,8.850265221,9.154250034,9.172628705,10.35004201,9.36852657,8.689944331,10.1053826,9.18756731,8.541507801,8.054240996,8.341948729
Djibouti,0.660903786,0.596084807,0.623501266,0.551054518,0.513604517,0.52224689,0.522035811,0.577436551,0.585130269,0.592056967,0.580933854,0.612799524,0.609646558,0.606492963
Dominica,1.138619917,1.093454891,1.152331567,1.473571401,1.636739768,1.481460104,1.642581888,1.592195348,1.649135534,1.601164483,2.196763792,1.88285235,1.88942218,2.00225315
Ecuador,1.552119832,1.858537021,1.750905842,1.696257134,1.867797915,1.933646448,2.041963069,2.169375743,2.227352744,2.176390677,2.220694554,2.110517801,2.136511516,2.256060986
Egypt,1.685249652,1.871589273,1.88665468,2.088937708,1.820930715,1.812364331,2.06927612,2.071494326,2.253172813,2.363415679,2.500135211,2.512394205,2.481971367,2.52409946
El Salvador,0.986509971,0.988698667,0.963950159,0.966617034,0.996866647,1.008477793,1.090506491,1.055822349,1.066576228,1.126953876,1.130494874,1.067764634,1.051118297,1.008882135
Equatorial Guinea,0.620829682,0.345600796,0.938490201,0.873720486,5.760788292,8.981011696,10.51924916,8.846591635,7.752779839,7.593759438,7.447945137,6.798253229,6.782995529,6.679982848
Eritrea,0.158313387,0.172195996,0.175052768,0.165958842,0.165421937,0.152240591,0.175129659,0.178309134,0.170821858,0.120753268,0.120730638,0.083745644,0.100693122,0.097709363
Estonia,12.50367021,11.87224333,11.07735817,11.07423752,11.44266962,11.00829203,12.6113665,12.76651916,12.46690151,12.04455033,14.03185558,13.03137887,10.98937684,13.67269636
Ethiopia,0.070688003,0.080853511,0.079454541,0.088901905,0.064013291,0.064898946,0.069879245,0.072295294,0.068036682,0.071313208,0.07609949,0.080167238,0.082015656,0.07828454
Faeroe Islands,14.41655618,14.87893954,14.80659715,15.55064892,17.08442987,16.24630766,16.37456466,16.60579498,15.87992319,15.80883617,15.92824398,14.78829283,13.72407883,14.60403493
Fiji,0.929188756,0.879247145,0.995133389,1.066051675,1.368058453,1.024088121,1.054234126,1.383222114,1.658251809,1.642823386,1.439858951,1.277779556,0.993754715,1.499688791
Finland,11.67224497,11.06259001,10.73577173,10.07782806,10.88081802,11.75070541,13.21960352,12.83667686,10.41897471,12.56959193,12.09277656,10.64411428,9.95273653,11.52722585
France,6.511920454,6.992889001,6.319416724,6.190346876,6.495829652,6.370695461,6.439525682,6.437106167,6.427193278,6.232633759,6.087139998,5.999020726,5.71531184,5.753381167
French Guiana,6.062896647,5.479887139,4.225520633,3.467023875,3.669034474,3.126672017,3.916395634,3.574812793,3.267439961,2.761640226,3.164369972,3.150988265,3.106366054,3.029765536
French Polynesia,2.660233442,2.591950989,2.496445883,2.653896543,3.052417084,3.008163265,3.218485218,3.133006388,3.337649259,3.295637542,3.226896758,3.284935038,3.260050681,3.263604714
Gabon,3.08744102,1.385191272,1.190967429,0.851902763,1.410742065,1.377984686,1.013042031,1.314812872,1.522061132,1.414503757,1.638058016,1.079539317,0.054596211,1.709773007
Gambia,0.181616442,0.191557745,0.203657961,0.212014025,0.211378924,0.229160838,0.222407483,0.220929965,0.214584949,0.218019952,0.248844225,0.251002328,0.259454428,0.273664454
Georgia,0.900924866,1.020006604,0.904240043,0.955729301,0.804496701,0.732376805,0.82562343,0.956499094,1.131857615,1.384029306,1.401584013,1.419429779,1.384967026,1.433896323
Germany,10.47297493,10.38593584,9.987493757,10.07786447,10.36102497,10.05308301,10.10292354,10.00700282,9.77250761,9.799174272,9.500478837,9.497246757,8.88512538,9.05581625
Ghana,0.358139296,0.350197496,0.349902759,0.328107099,0.352430043,0.369686116,0.370208698,0.347918133,0.321429252,0.418918978,0.421678557,0.366600849,0.312424771,0.368894117
Gibraltar,4.443465168,11.46339071,11.85664241,12.20077032,12.48113948,12.31436159,12.51906606,12.73457669,13.36772714,13.79530504,14.01784089,14.14734638,14.66315753,15.67273059
Greece,7.812024149,8.066623278,7.920254135,8.337942618,8.501961723,8.458277636,8.615670327,8.714337988,8.822795988,8.670475579,8.727772148,8.661235531,8.377921604,7.633303302
Greenland,9.406432014,9.516649662,9.686670713,9.460934349,9.557584892,9.519940655,9.353083292,10.22071843,10.64288629,10.94622905,10.74743527,11.13107804,9.725906278,11.07116262
Grenada,1.741901642,1.738803979,1.917372115,1.878082255,1.910266618,2.013980161,2.116868079,2.004131895,2.105761806,2.241913099,2.305678095,2.509890124,2.430425469,2.491538022
Guadeloupe,3.734328079,3.648162764,3.755204502,4.857830814,4.853900005,4.658925024,4.661707242,4.143940918,3.849138879,3.804620915,3.85108925,3.81770775,3.79428761,3.772798513
Guatemala,0.724831604,0.816208863,0.813566418,0.882315347,0.922985759,0.940254517,0.867980937,0.936710015,0.979149895,0.960907218,0.945840465,0.83559482,0.843925573,0.772631051
Guinea,0.160315938,0.153217506,0.154669583,0.153354762,0.153204446,0.153826439,0.153477477,0.150967661,0.130583803,0.128306264,0.129085682,0.1269644,0.125838134,0.123794572
Guinea-Bissau,0.225521711,0.144382958,0.159695138,0.118217125,0.118854203,0.119423726,0.147805044,0.150406146,0.155492757,0.155022984,0.162197346,0.156376432,0.158118391,0.157292475
Guyana,2.195750193,2.263876454,2.300764461,2.195695636,2.169102998,2.141341163,2.11312436,2.188928165,1.921199979,1.724750029,2.087366301,2.073415312,2.064594724,2.254935875
Haiti,0.173767096,0.147682281,0.156673798,0.158196411,0.178497003,0.204359094,0.191102709,0.215718255,0.222025801,0.222805116,0.248808697,0.249306755,0.229346924,0.212076549
Honduras,0.712522279,0.779695974,0.778468363,0.809029351,0.9000192,0.940225369,1.024106755,1.092420807,1.097989028,0.998465467,1.226179905,1.187453516,1.055715609,1.066636985
Hong Kong,4.809917221,5.976615386,6.387567868,5.964879227,5.559973889,5.404455849,5.872270853,5.642391203,5.953476178,5.641942835,5.814144107,5.56852692,5.293807535,5.144528714
Hungary,6.005209687,5.920257175,5.895722575,5.605283557,5.598287019,5.52096592,5.828235983,5.672051192,5.741221451,5.686384665,5.561755826,5.453231724,4.866039934,5.066085583
Iceland,7.714035782,7.623145917,7.428080876,7.69294596,7.398095721,7.569021409,7.479532244,7.621056368,7.426179107,7.56453274,7.555908819,6.821903051,6.507301171,6.127604102
India,1.043262704,1.05237575,1.104247446,1.125872915,1.123541704,1.126744136,1.159068258,1.200723575,1.237672175,1.300067332,1.372484618,1.520849421,1.641149581,1.640222788
Indonesia,1.358767943,1.011318263,1.14888234,1.234304899,1.363903298,1.400330656,1.427895896,1.503093722,1.504425379,1.500915597,1.615365416,1.75504422,1.908326328,1.809097873
Iran,4.357218722,4.897636893,5.95347043,5.703332935,6.013707836,5.983106901,6.153554262,6.494673898,6.729845975,7.223400378,7.555636648,7.892210941,7.895171594,7.726537146
Iraq,3.149507493,3.228261954,3.122990493,3.036311189,3.475657109,3.45784363,3.515701201,4.285499487,4.194502711,3.537022027,2.169443125,3.166713703,3.47087626,3.620173886
Ireland,9.948335904,10.30947582,10.71178952,10.86857459,11.41974191,11.11799666,10.80478789,10.75766491,10.46903005,10.28141652,10.38840669,9.882531034,9.206180194,8.947851182
Israel,11.25893932,10.88847895,10.54754576,10.42158323,10.72255377,10.11600724,10.25114086,9.765522382,9.120903923,9.765991137,9.597724453,10.00118814,9.230611591,9.523527086
Italy,7.675093121,7.832074106,7.738377809,7.921192233,7.872607491,7.871308722,8.093183667,8.113530975,8.067625767,7.943251848,7.775988634,7.465942415,6.664962175,6.709572975
Jamaica,4.236839445,3.839540039,3.820037219,3.996671893,4.080142194,3.922236168,4.051490356,4.02041805,3.969317929,4.457657446,4.975436581,4.391456474,3.145994506,2.611162916
Japan,9.605144835,9.247590692,9.542878595,9.699930931,9.54899042,9.652170607,9.805642598,9.972653819,9.795391138,9.735434475,9.888296731,9.536605686,8.696445457,9.251199185
Jordan,3.129632954,3.105925693,3.065908366,3.212352382,3.258890191,3.378099909,3.427255194,3.692444815,3.935727966,3.77268279,3.800302888,3.549467779,3.526956355,3.364889204
Kazakhstan,8.367557469,8.191950107,7.723099965,8.541838635,9.927393996,10.19563648,10.28152014,11.43539763,11.66185127,12.57252351,14.23442812,14.71810426,13.51341683,15.5185722
Kenya,0.285532198,0.337942083,0.33390066,0.333304526,0.292065065,0.241973384,0.199791151,0.219669222,0.240397827,0.261998311,0.2622454,0.266308378,0.312940918,0.306726998
Kiribati,0.367986819,0.406980329,0.355452151,0.39281038,0.300019482,0.462819527,0.454326995,0.486736432,0.677624618,0.744827193,0.540106408,0.569759251,0.411451267,0.626176173
Kuwait,32.7110282,29.33636032,29.08509524,28.42971868,27.42718076,25.48471297,28.98802857,29.01534684,31.59889176,31.36899175,30.73308555,31.37388322,30.93467599,34.23316569
Latvia,3.42914606,3.335097928,2.841818831,2.616662446,2.894856677,2.829945171,3.036411086,3.075016166,3.112374548,3.306760631,3.474320749,3.341848663,3.017479002,3.381644657
Lebanon,4.349220028,4.439235517,4.498333755,4.102347317,4.261656599,4.145788656,4.629661392,4.210477695,4.008304503,3.538292165,3.620668306,3.996721795,4.983253872,4.825751682
Liberia,0.15067359,0.152968086,0.150131153,0.153245133,0.170902602,0.167663413,0.175039365,0.202734097,0.232728229,0.229047855,0.195080501,0.157352183,0.137645926,0.200127421
Libya,9.083210734,9.019684933,8.689751562,9.005473389,9.021358286,8.801144878,8.872426742,8.907861601,9.030495877,9.125391503,8.999478061,9.819522724,10.80503455,9.288532864
Lithuania,4.287704177,4.562396098,3.885463859,3.485400688,3.712376421,3.815559256,3.746261426,3.883479116,4.096320923,4.206329703,4.479374782,4.498483391,3.764232726,4.079699259
Luxembourg,18.92986451,17.29787528,17.84589187,18.91887548,20.02234311,21.26074214,22.18861555,24.98994577,25.24659319,24.39005182,22.84565937,22.16807969,20.59399388,21.33749008
Macao,3.648380165,3.750683739,3.612292164,3.786659627,3.831026011,3.393611467,3.343809491,3.673475465,3.816032739,3.307877208,2.776959345,2.298460385,2.450449772,1.895193529
Macedonia,5.36226198,6.336231675,5.857716472,6.004373786,5.950836816,5.406835439,5.576434583,5.504403342,5.533887867,5.353489721,5.555712897,5.771917892,5.546077367,5.276066137
Madagascar,0.121683162,0.120437353,0.129262541,0.12194959,0.109909213,0.075626971,0.101014407,0.104140784,0.097376153,0.091334014,0.095625006,0.099422148,0.090554549,0.0971815
Malawi,0.073552748,0.078085102,0.091311952,0.080656011,0.07855323,0.074677516,0.078798216,0.078196861,0.071488434,0.072247788,0.070152696,0.082469881,0.073372482,0.083172039
Malaysia,5.73007701,5.114866135,4.719524749,5.406455633,5.704422921,5.511518925,6.394672388,6.538271649,6.79521184,6.418045513,7.588934077,7.752233946,7.294004038,7.632977838
Maldives,1.415690484,1.264525942,1.733680814,1.825040136,2.072301358,2.442140865,2.084895842,2.671358727,2.37208147,2.963517123,3.019930443,3.277725768,3.422735044,3.401026745
Mali,0.050555997,0.048487613,0.049135234,0.048043479,0.046936668,0.046131635,0.043537599,0.044210382,0.043131879,0.041811363,0.041319605,0.041078867,0.041069149,0.040555698
Malta,6.443609477,5.452063778,5.935833972,5.194336806,6.218949033,5.715436402,6.37701639,6.321481987,6.593451341,6.261494001,6.602715733,6.182771022,6.013679495,6.215062283
Marshall Islands,1.276669826,1.341549522,1.267281106,1.476651644,1.547383834,1.619739049,1.622044417,1.693349754,1.620641723,1.755730064,1.88618134,1.872163389,1.92274078,1.899897603
Martinique,5.43746428,5.49571373,5.4768457,5.528321945,5.469774536,5.330862434,5.802898226,6.086200367,6.275820639,5.960163168,5.393487758,5.316067699,5.649032913,5.619980254
Mauritania,1.236647764,0.445234191,0.466947406,0.467569744,0.496011506,0.511962923,0.511449849,0.550397152,0.549894894,0.535363775,0.595765768,0.613103977,0.654601007,0.640119068
Mauritius,1.719162047,1.8716873,2.083350922,2.314607725,2.455006942,2.441571419,2.550271807,2.563816445,2.713365193,2.981538147,3.046812736,3.078762897,2.992133584,3.169454596
Mexico,3.754669076,3.849167281,3.875742211,3.816378713,3.89584638,3.811742861,3.903615383,3.904951024,4.0851864,4.096585267,4.173230094,4.261171866,3.98271221,3.911318575
Micronesia,0.713313015,0.749655375,1.094149718,1.266693432,1.640413832,1.361453537,1.353950304,1.346479873,1.072330522,0.935127077,0.899247902,0.897007258,0.894502873,0.924391942
Moldova,1.663086065,1.485327945,1.080527884,0.855342702,0.919343017,1.004246779,1.10101378,1.189684386,1.299485303,1.344294059,1.276303676,1.313321187,1.261962857,1.358752567
Mongolia,3.28740656,3.256305554,3.161896055,3.112616388,3.238153527,3.370135045,3.232633598,3.400594905,3.39413011,3.674977223,3.84478265,3.759486815,4.075487859,4.176220062
Montenegro,3.371343904,3.565346706,2.473520616,2.760902833,2.977457077,3.191799135,3.418872403,3.739135948,3.539748704,3.800721021,3.585142625,4.370733568,2.890596704,4.087686794
Montserrat,5.858014829,7.513661202,8.366976771,11.15392415,12.73148148,14.16309013,14.04003762,13.09031692,12.4426981,13.36805556,13.17365269,13.10415248,13.06191688,12.9760701
Morocco,1.14980954,1.140762281,1.165442654,1.17742931,1.294634301,1.298660836,1.261581055,1.439624399,1.505877239,1.544553132,1.62079082,1.594083135,1.565905233,1.583769339
Mozambique,0.066756077,0.06550829,0.066982439,0.074136522,0.084548411,0.082690882,0.097239785,0.094898059,0.087738671,0.092997251,0.109606663,0.104748301,0.112605287,0.123211019
Myanmar,0.172963192,0.183781625,0.201558077,0.22436666,0.192459153,0.20186676,0.214751544,0.269884952,0.250691754,0.270563061,0.269319213,0.1910534,0.218299021,0.187526449
Namibia,1.0255696,1.057743748,0.899317174,0.866458949,1.041452029,0.891858146,0.932942032,0.960029964,1.110603086,1.0989687,1.115802618,1.626354702,1.419516478,1.390683936
Nauru,12.0302247,11.66799257,10.94963169,10.22474521,10.21965625,9.843889828,9.098428453,8.718050327,8.700810757,7.598934175,8.666535356,8.644400786,8.258258258,8.223630749
Nepal,0.122643487,0.09681053,0.13512206,0.132537692,0.138269598,0.106001327,0.112902376,0.10361353,0.118808734,0.095639579,0.09511109,0.105412983,0.119096386,0.125325313
Netherlands,10.98180249,10.73193758,10.33325955,10.42363724,10.48417167,10.74091351,10.84569481,10.90208575,10.56163794,10.20794675,10.4448877,10.53302813,10.24409211,10.95895573
Netherlands Antilles,34.34502213,1.541356394,11.6866354,31.22711183,31.84302978,30.58777821,30.3659367,31.51364629,30.8370123,29.34110581,32.67322947,30.78135443,31.16084368,23.55053507
New Caledonia,9.155498062,8.855813223,9.788924806,10.84613026,8.830676411,11.04633789,12.30447077,11.22952767,12.28146097,11.82815834,12.32320188,13.50974911,11.53908465,15.62429412
New Zealand,8.253620854,7.915837401,8.569781213,8.526022248,8.832480553,8.379147991,8.439927785,8.520526027,8.204089692,8.01691222,7.949354603,8.009084401,7.477318582,7.222302602
Nicaragua,0.651287926,0.696473819,0.726031904,0.741470137,0.76984806,0.773412541,0.834110052,0.826298871,0.796287939,0.812956776,0.825776249,0.778151613,0.787242078,0.785511166
Niger,0.102887928,0.105473509,0.100459297,0.072847097,0.067119827,0.069535908,0.072617315,0.076858019,0.063773593,0.059930044,0.058895256,0.063437109,0.072489628,0.091005089
Nigeria,0.348634637,0.340550825,0.370781853,0.640110522,0.657776064,0.755715044,0.699869981,0.711427662,0.74870905,0.687217309,0.647841963,0.614689662,0.464195492,0.49805211
Niue,1.772192686,1.823305155,1.87745349,1.929824561,3.959683225,4.053805049,4.147812971,4.24382716,4.349545275,4.463379996,4.58906967,4.715969989,4.853298037,4.995458674
Norway,7.735408358,8.215055042,9.18542013,8.640737403,9.102590715,8.251537816,9.349531076,9.300466284,9.178368631,9.478448647,9.547899315,10.52976879,9.737825236,11.71008946
Oman,6.831919313,7.317230889,9.164240504,9.669651287,8.899727138,11.05951375,13.8647792,11.76620965,12.30316676,15.89965551,17.40716316,15.57208046,14.84436097,20.55621545
Pakistan,0.705388957,0.70862487,0.710563786,0.736493581,0.733766163,0.758432009,0.776311968,0.844278696,0.861188616,0.904331996,0.966157423,0.935618056,0.925987577,0.929649496
Palau,6.474634882,6.334809056,6.216006216,6.120036164,9.449197677,9.366644527,9.679493688,9.443013685,9.578351586,10.07779055,10.38870663,10.33221277,10.27228939,10.56727888
Panama,2.0259077,2.091718614,1.954958025,1.958531763,2.325870874,1.912707094,1.968497429,1.824132584,2.111691007,2.237005412,2.126239515,2.223796343,2.49429432,2.73893271
Papua New Guinea,0.514169194,0.556017815,0.47017876,0.499675518,0.585355258,0.620618406,0.68366595,0.753289336,0.75674093,0.735691774,0.766431838,0.530746337,0.497213264,0.457112629
Paraguay,0.83648244,0.878731993,0.860335861,0.69030406,0.700535755,0.700425964,0.717085342,0.706488543,0.649675518,0.66332734,0.675894854,0.698581746,0.712300577,0.786215652
Peru,1.110968953,1.108663924,1.15215749,1.171376242,1.035625397,1.022777716,0.979999437,1.170715367,1.347387227,1.258170522,1.533913715,1.450134438,1.64613477,1.980086195
Philippines,0.982389702,0.935078558,0.913885434,0.948135642,0.899713583,0.884670288,0.86914812,0.882323645,0.87467904,0.776969248,0.785797322,0.842120697,0.81543599,0.874786996
Poland,9.143668047,8.520610819,8.271701392,7.875842074,7.912304858,7.766173342,7.980185568,7.988454823,7.954155601,8.382828583,8.26421315,8.270767149,7.810876601,8.287696297
Portugal,5.212764197,5.662190353,6.283830668,6.091240351,6.055794247,6.410089131,5.854301933,6.01254637,6.193609691,5.587546549,5.737097172,5.4869264,5.386543182,4.904311763
Qatar,68.61994212,59.03245947,55.10905996,58.76400483,49.92952963,45.62677335,55.32262178,62.06937698,63.1874356,57.98689475,57.0668165,48.70206152,41.37884274,40.09833259
Reunion,3.344845493,3.516130101,3.258958812,4.093458045,4.248965397,4.151698597,4.035275576,4.035501188,4.51625268,4.661871528,4.899058555,4.940390873,5.082500436,5.16152366
Romania,5.093895127,4.569124984,4.022479632,4.054506967,4.328656246,4.187281375,4.375354927,4.366713078,4.394088872,4.726338304,4.663950028,4.383449075,3.728429376,3.664555545
Russia,10.52452842,10.33241149,10.44693374,10.61594912,10.65854383,10.70318054,11.07690138,11.10699781,11.23126521,11.63309628,11.63649419,11.98271761,11.00363332,12.17571588
Rwanda,0.103635176,0.09240437,0.088489028,0.084667516,0.081510694,0.079266717,0.076993775,0.076510514,0.057380533,0.055923874,0.057394733,0.05424447,0.055828854,0.055911118
Samoa,0.768487361,0.760618406,0.795422325,0.789204886,0.804976217,0.801174309,0.839189986,0.856988631,0.87477414,0.87221417,0.889982366,0.887378146,0.884498075,0.881212869
Sao Tome and Principe,0.357986862,0.35090819,0.344225793,0.338037491,0.357898162,0.402485347,0.445831476,0.487877357,0.504514421,0.544191349,0.535922709,0.527571337,0.564050498,0.598559829
Saudi Arabia,11.36763421,10.78389426,11.56543017,14.81188552,14.36964959,15.20645942,14.65197595,17.05015534,16.53858332,17.447964,15.42881971,15.9822462,16.07615522,16.92060908
Senegal,0.370299135,0.379434873,0.399310605,0.414270689,0.443734387,0.453614553,0.486730894,0.498992753,0.538942505,0.428725159,0.464937483,0.461633711,0.483059267,0.56767635
Serbia,4.765452923,5.027063599,3.48269319,3.887784656,4.200974416,4.519796804,4.863690464,5.343477041,5.077285886,5.465792571,5.313369797,5.271222677,4.681853617,4.662841401
Seychelles,5.434948952,5.714359927,6.597266847,7.17629366,8.057697298,6.729497354,6.825046943,9.007918739,8.342014616,8.830519668,7.680690399,8.27022563,8.774885086,8.137035068
Sierra Leone,0.084319596,0.076974214,0.072818868,0.102660277,0.13205231,0.135093694,0.137983913,0.129573769,0.106013432,0.137654069,0.115790411,0.118255775,0.113719001,0.117482591
Singapore,18.86128859,15.23105404,13.02175926,12.50257274,12.44340974,11.71233261,7.618604765,6.843890705,7.115879149,6.983366799,3.896273284,4.114440755,5.007368436,2.657862567
Slovak Republic,7.536881516,7.700169318,7.518861025,6.90275731,7.278343963,7.257179056,7.300549325,7.160088597,7.233132478,7.178985153,6.738570282,6.901654456,6.215614863,6.607508917
Slovenia,8.026467519,7.675086813,7.683364794,7.184088964,7.625116196,7.742774178,7.771158218,7.880375256,7.924575925,8.093731154,8.055444436,8.511828196,7.563256326,7.55127245
Solomon Islands,0.42849567,0.416983281,0.414961761,0.403687502,0.410090934,0.398820971,0.404341381,0.393213385,0.382428171,0.371980676,0.398799573,0.388067132,0.377772478,0.374742016
South Africa,8.660250638,8.55278692,8.405596029,8.234447518,7.991048988,7.555187225,8.165662922,9.043477623,8.287456989,8.789515823,9.082425042,9.427960373,10.12824343,9.177268721
Spain,6.365923957,6.582258254,7.068002606,7.30749422,7.304999803,7.602854664,7.637238997,7.942453804,8.144403925,7.951434228,8.030690436,7.293088758,6.315138402,5.852169145
Sri Lanka,0.407291187,0.419356753,0.458675419,0.542026557,0.54142153,0.575273236,0.55028812,0.610095096,0.58670256,0.585034346,0.614418971,0.580791088,0.620715977,0.609237667
Sudan,0.214701915,0.181422022,0.191887235,0.203470696,0.228763606,0.284958808,0.311233555,0.381532112,0.350443336,0.367321241,0.390491087,0.382117945,0.4190638,0.415146789
Suriname,4.780220721,4.763750283,4.67472744,4.555392285,4.78633634,4.688988306,4.602163791,4.64618695,4.766063014,4.836476779,4.786958772,4.74113997,4.746781672,4.542832237
Swaziland,1.194515294,1.179797053,1.182373664,1.116717677,1.064103888,1.039610803,0.956471368,0.940525386,0.922549579,0.908789398,0.938505529,0.949860795,0.875597533,0.862522512
Sweden,5.854949148,5.983782634,5.77265274,5.619504163,5.759176144,6.450358359,6.130266398,6.072200103,5.709937986,5.452381206,5.245428615,5.315688399,4.697578126,5.598303369
Switzerland,5.847650529,5.880215442,5.702370176,5.447382044,5.959870164,5.611965123,5.501697578,5.486627622,5.579360883,5.606771688,5.054235042,5.333057624,5.457750306,5.056288113
Syria,2.757318296,3.307648793,3.363207367,3.192517004,2.964542857,2.302944969,3.103545487,2.838465771,2.739071584,2.832061721,2.972039494,3.437245341,3.096977956,3.030434275
Taiwan,9.2846866,9.085890507,9.342935902,9.811882973,10.15736927,10.59284664,10.93656567,11.51947956,11.42528229,11.72345126,11.96258221,11.23307593,10.53955196,11.31371697
Tajikistan,0.362029908,0.414255843,0.412662092,0.362341908,0.367691083,0.299245491,0.327508873,0.401025172,0.377846374,0.406868288,0.488006074,0.45316766,0.426482924,0.415780045
Tanzania,0.091224327,0.078906191,0.076431907,0.077883174,0.089574137,0.100179091,0.103456859,0.11518087,0.144660963,0.149243355,0.149726607,0.154672995,0.148099685,0.152664574
Thailand,3.168676259,2.774066454,2.928990862,2.982158924,3.163028885,3.340746828,3.55172122,3.819561062,3.840357209,3.882308397,3.867183746,3.835101888,4.025289042,4.271486171
Togo,0.226777233,0.25910115,0.3303407,0.283021912,0.235952056,0.243916008,0.282964931,0.264169418,0.247470866,0.220799333,0.232863496,0.251983337,0.254722001,0.255483014
Tonga,1.177270734,1.13441825,1.317171468,1.235513351,1.452130468,1.48068879,1.766022135,1.718418656,1.562200688,1.732556308,1.506053553,1.567712888,1.664750754,1.515180636
Trinidad and Tobago,15.07534537,15.07418472,17.72827269,18.97102658,19.29226402,20.65777693,21.20440662,23.64577023,21.72594204,24.3478454,35.04386203,31.95771727,36.04796851,37.77735535
Tunisia,1.849165891,1.942703714,1.957785894,2.106678672,2.180460813,2.181157781,2.200638128,2.286900966,2.300148418,2.308450238,2.35591968,2.440669476,2.393129475,2.468832135
Turkey,3.265863119,3.248784895,3.138322808,3.396750939,3.013720544,3.142425025,3.293506192,3.352171129,3.483062855,3.787048964,4.066597141,4.021902589,3.866865892,4.095749975
Turkmenistan,6.95450398,6.026446929,7.811417815,7.855596943,8.626670068,8.748011544,9.081640674,9.226054808,9.55620722,9.631988136,11.01318428,11.20039948,9.743814452,10.52149662
Turks and Caicos Islands,0.675883257,0.87494283,0.834613707,0.777124287,0.707577512,4.296129144,4.006504065,3.641824223,3.96318496,4.387849033,4.58280045,4.384501298,4.328655881,4.206427839
Uganda,0.051876195,0.059210261,0.05995946,0.063299016,0.064867712,0.064678129,0.064135222,0.067280409,0.080345994,0.090386244,0.10308759,0.100852839,0.103991889,0.11320975
Ukraine,6.776832883,6.590570454,6.735775352,6.560310437,6.638455544,6.63417913,7.393012154,7.257285789,7.114472751,7.006612487,7.0775726,7.03235908,5.726543645,6.706011127
United Arab Emirates,15.94508113,29.57288649,27.05096263,37.1031264,32.19789338,26.02284928,31.41231635,30.95380899,28.53970008,26.56463484,25.78687314,25.60501366,23.43157057,22.30940485
United Kingdom,9.354158029,9.322261392,9.127136584,9.233474647,9.315212814,8.963441073,9.069662878,9.022277534,9.001867972,8.952900983,8.684595423,8.526466818,7.705539254,7.954468702
United States,19.87559408,19.76765214,19.8037525,20.22341689,19.61477176,19.58778636,19.5033538,19.69046185,19.62757965,19.1514501,19.28039782,18.5459917,17.26222431,17.50271785
Uruguay,1.699139969,1.72843431,2.033286064,1.59854208,1.530714036,1.389315323,1.383637806,1.689063569,1.738133813,1.997825563,1.798415923,2.489763547,2.35023763,1.972223822
Uzbekistan,4.28482617,4.872490824,4.798243774,4.841064795,4.872775736,5.020897834,4.812649856,4.640350382,4.311694928,4.444973599,4.411953043,4.476669019,4.297996998,3.805251739
Vanuatu,0.503084249,0.473926547,0.465315596,0.435861691,0.464272148,0.433467828,0.403397877,0.267560481,0.260453663,0.219905272,0.428701409,0.401974499,0.501874902,0.48960085
Venezuela,5.833523973,7.142414583,7.225967549,6.259217617,6.953024135,7.646174345,7.4635815,6.421846254,6.811162455,6.333103577,6.369959049,6.657569867,6.498067976,6.961007434
West Bank and Gaza,0.139027419,0.202052038,0.209712636,0.247611425,0.410765965,0.344120852,0.374235226,0.535766454,0.771369263,0.62292296,0.623526066,0.536602287,0.531715696,0.585513142
Western Sahara,0.798044067,0.783195953,0.786200396,0.755797975,0.707728794,0.658252088,0.61203387,0.572679886,0.541089914,0.516308861,0.496382999,0.479618237,0.464255266,0.449261703
Vietnam,0.592506586,0.616837131,0.612249535,0.68106935,0.767733041,0.879492136,0.96784037,1.100628526,1.177629288,1.218506809,1.336835819,1.479346575,1.611539428,1.709944894
Zambia,0.25383693,0.238964347,0.18176428,0.178273353,0.182459196,0.184131046,0.192078064,0.190337117,0.198330217,0.189416747,0.137172459,0.148981514,0.169446954,0.185454433
Zimbabwe,1.191934033,1.162341642,1.276289034,1.110011767,0.998965011,0.94634606,0.842467063,0.787884075,0.856967286,0.825534834,0.818160902,0.65432319,0.700176816,0.749873483